url,Rank,emails
https://www.18h39.fr/,193710,contact@18h39.frT
https://www.cafe-pouchkine.fr/,368051,hello@cafe-pouchkine.fr
http://talentedgirls.fr/,1357518,hello@talentedgirls.fr
https://pirus.fr/,2033583,00contact@kynovation.frDu;contact@kynovation.fr
http://www.aventuredeco.fr/,2042859,contact@aventuredeco.fr
https://www.jardinsdebabylone.fr/,2189957,contact@jardinsdebabylone.fr
http://wilmotte.fr/,2346707,wilmotte@wilmotte.co;sophia@wilmotte.fr;wilmotte.italia@wilmotte.fr;wilmotte@wilmotte.com;somin.kim@wilmotte.fr
https://www.13acheval.fr/,2975149,13hval@orange.fr;13acheval@orange.fr
http://typomanie.fr/,3237977,murielparis@orange.fr;typomanie@orange.fr
https://mpdf.fr/,3393032,mpdf@mpdf.fr
https://www.kreapixel.fr/,3654680,contact@guide-metiers.fr
https://materic.fr/,3936109,contact@materic.fr
https://www.esmac.fr/,4150202,cnil@eductive-group.com
https://standpub.fr/,4318571,info@standpub.fr
http://lysios.fr/,4434286,info@lysios.eu;info@lysios.fr
https://www.sires-immobilier.fr/,4499238,contact@clickbusters.fr
https://stegu.fr/,4542652,iod@stegu.com;info.export@stegu.com
https://www.duvivier.fr/,4699480,mael.guelou.commercial@gmail.com
https://apodioxe.fr/,4749674,contact.apodioxe@gmail.com
https://www.etre-emploi.fr/,5345612,02.33.79.36.79avranches@etre-emploi.fr;02.33.49.05.10granville@etre-emploi.fr;02.33.05.01.36saint-lo@etre-emploi.fr
https://www.volpon.fr/,5698493,ebeniste@volpon.fr
https://www.advento.fr/,5709165,contact@advento.fr
https://idegeo.fr/,5832405,
https://www.fontaines-petrifiantes.fr/,6174634,contact@fontaines-petrifiantes.fr
https://www.artesio.fr/,6797928,contact@artesio.fr
https://www.inpulsion.fr/,6837120,contact@inpulsion.frNos
http://www.orbs.fr/,6905739,contact@orbs.fr
https://www.cristal-benito.fr/,7107699,f.benito@cristal-benito.fr
https://ideat.fr/,7118273,expressmag@expressmag.com;amatut@coteregie.fr;bernard.kedzierski@kmedianet.com;info@abonnements.be;g.couturaud@ideat.fr;abonnements@ideat.fr;ambresavagnac@ideat.fr;sandrine@mercury-publicity.com;atounkara@coteregie.fr;almudena.pardilla@aboutim.es;m.voisin@ideat.fr;ladler-appel@coteregie.fr;abonnements@dynapresse.ch;fliaux@ideat.fr;dtripodi@coteregie.fr;gca@ideat.fr;owache@ideat.fr;sfoisil@coteregie.fr
https://creativeterre.fr/,7320018,creativeterre@hotmail.fr
http://happysoup.fr/,7326234,projetatelier@happysoup.fr
https://www.eggersmann.fr/,7428973,contact@eggersmann.fr
http://bhpatrimoine.fr/,7598095,email@email.com;email@email.com;agde@bhpatrimoine.fr;email@email.com;email@email.com;email@email.com;email@email.com;pezenas@bhpatrimoine.fr;saintchinian@bhpatrimoine.fr
https://mursetmerveilles.fr/,7821462,marie@mursetmerveilles.fr;contact@mursetmerveilles.fr
https://www.seigneurs-du-rouergue.fr/,7840379,contact@seigneurs-du-rouergue.fr
https://www.zstudio.fr/,7894050,contact@zstudio.fr
https://aimo.fr/,8058869,contact@aimo.fr
http://www.encoresurlenet.fr/,8108651,encoresurlenet@gmail.com
http://www.pyrrhus.fr/,8146993,Etigny03.86.97.10.45contact@pyrrhus.fr
https://www.bkbs.fr/,8148499,contact@bkbs.fr
https://reber.fr/,8189965,reber3@reber.fr;reber1@reber.fr;reber4@reber.fr;reber2@reber.fr;reber5@reber.fr
https://www.osmoze.fr/,8231319,14welcome@osmoze.fr;welcome@osmoze.fr
https://legranit.fr/,8251348,contact@legranit.fr
https://www.effetsdematiere.fr/,8328892,effetsdematiere@orange.fr
https://www.verdelles.fr/,8431197,jrb@visserie-service.fr
https://personaltouch.fr/,8489320,support@domain.com
http://croin.fr/,8492507,contact@croin.fr
https://www.isospace.fr/,8496096,info@isospace.fr
https://www.morganti.fr/,8676083,E-mailcarrelage@morganti.fr;carrelage@morganti.fr
https://village-expo-toulouse.fr/,8676311,villageexpo-31@orange.fr
https://www.marie-carotte.fr/,8713412,contact@clickbusters.fr
https://ambianceimmobilier.fr/,8896377,mf@ambianceimmobilier.fr;ab@ambianceimmobilier.fr;ac@ambianceimmobilier.fr
https://www.easy-film.fr/,9005509,Vire-Normandie02.33.72.64.21contact@easy-film.fr;contact@easy-film.fr
https://www.maidenbergarchitecture.fr/,9032832,maidenbergarchitecture@gmail.com
https://dcarchitecture.fr/,9141001,Servrancxetservrancx@jinkau.com;Claradclara@jinkau.com
http://www.travelpics.fr/,9173047,alex@travelpics.fr;stephane@travelpics.fr
https://duo-architecture.fr/,9295877,info@duo-architecture.fr
https://www.3dmarseille.fr/,9304779,design@apingo.fr
https://www.lautremaison.fr/,9317683,fabrice.diomard@lautremaison.fr;65fabrice.diomard@lautremaison.fr
http://annehoguet.fr/,9347743,14h-18hcontact@annehoguet.fr;maciprel@me.com;lamehhdg@gmail.com;museedeleventail@gmail.com;20contact@annehoguet.fr;contact@annehoguet.fr
https://www.architecture-magazine-design.fr/,9453069,fgoddet@vivaregie.fr
https://www.fengshui-nord.fr/,9651354,m.hamille@fengshui-nord.fr
https://gudea.fr/,9754536,juliengudea@icloud.com
http://www.maison4-deco.fr/,9794668,contact@maison4-deco.fr
https://www.travelsolutions.fr/,9836640,moreaubrigitte74@gmail.com;moreaubrigitte@wanadoo.fr
https://www.architectebordeaux.fr/,9841138,contact@hoerner-ordonneau.fr
https://www.designeuf.fr/,9978295,contact@designeuf.fr
https://www.stiletto.fr/,10063628,info@stiletto.fr
http://www.allright.fr/,10069219,contact@allright.fr
https://www.shiftin.fr/,10104081,contact@shiftin.fr
https://www.manuelmartinez.fr/,10223630,contact@manuelmartinez.fr
http://www.artprint.fr/,10290646,contact@artprint.fr
http://modulis.fr/,10315055,00modulis.contact@gmail.com;modulis.contact@gmail.com
http://www.insidecreation.fr/,10397146,info@insidecreation.fr
https://www.esprit-deco.fr/,10434061,elisabeth.hamard@gmail.com
https://rive5.fr/,10465704,76contact@rive5.fr;contact@rive5.fr;43contact@rive5.fr
https://catemo.fr/,10505952,hello@catemo.fr
http://www.verrieresdunord.fr/,10579854,contact@verrieresdunord.fr
https://www.casadesign.fr/,10618898,info@casadesign.fr
https://www.sfel.fr/,10698520,contact@sfel.fr
https://dexypro.fr/,10756499,info@dexypro.fr
https://www.pi-architectures.fr/,10816367,contact@pi-architectures.fr
https://www.c-pos.fr/,10895497,t.laquerriere@c-pos.fr;s.giessner@c-pos.fr
http://batavi.fr/,10930129,batavi@wanadoo.fr;batavi@wanadoo.fr
https://www.marbres-de-france.fr/,10997089,contact@marbres-de-france.fr
http://marianaprado.fr/,11035226,info@marianaprado.fr
https://www.maisonfloran.fr/,11087841,contact@clickbusters.fr
https://www.groupegratuitpros.fr/,11096485,press@blocksvalley.com;555-1408info@blocksvalley.com
https://concept64.fr/,11102074,theratio_interior@mail.com
https://www.studio19.fr/,11125604,marseille.studio19@gmail.com;contact@studio19.fr
https://www.mager.fr/,11142474,info@mager.fr
https://www.climent.fr/,11156227,Contactrmagriau@yahoo.fr;Accueilrmagriau@yahoo.fr
https://villareva.fr/,11175832,contact@villareva.fr
https://ifar.fr/,11296473,65info@ifar.one
http://www.atelier-architectures.fr/2/,11303003,contact@atelier-architectures.fr
https://deniseomerdesign.fr/,11425736,contact@deniseomerdesign.fr
http://eclosoir.fr/,11496827,eclosoir@gmail.com
https://www.atypique-brest.fr/tmp/,11543989,mail@atypique-brest.fr
https://www.rabuel-construction.fr/,11595188,rabuel@rabuel-construction.fr
http://mounia.fr/,11712085,mounia@mounia.fr
https://www.laboitejaune.fr/,11780905,contact@laboitejaune.fr
https://texturedesign.fr/,11808750,contact@texturedesgin.fr;contact@texturedesign.fr
https://goeseco.fr/,11841100,contact@goeseco.Fr
http://www.littoralvert.fr/,12063911,littoralvert@idverde.com
https://www.crlc.fr/,12150010,75sols.coules@crlc.fr;85vannes@atlantic-sols.fr;90st.nazaire@atlantic-sols.fr;03neuilly@cplc.fr;caen@crlc.fr;st.nazaire@atlantic-sols.fr;00rennes@crlc.fr;rennes@crlc.fr
https://www.la-beau.fr/,12255789,bonjour@la-beau.fr
https://www.krealoft.fr/,12414625,bureau@krealoft.fr
https://www.nextstepdesign.fr/,12547540,standard@nextstepdesign.fr
https://www.forma.fr/,12620130,00contact@forma.fr
https://www.lamaisoninnovante.fr/,12830720,lamaisoninnovante@orange.fr;44lamaisoninnovante@orange.fr
https://www.etofea.fr/,12938191,contact@etofea.fr
http://ateliercc.fr/,12993558,secretariat@ateliercc.fr
https://plexial.fr/,13107650,contact@plexial.fr
https://www.avisdetravaux.fr/,13195003,contact@avisdetravaux.fr
https://www.adao.fr/,13269443,agence-caen@adao.fr;adao.urbanisme@orange.fr;adao.architecture@adao.fr
http://agenceprost.fr/,13328773,contact@agenceprost.fr
https://www.happyfamilydeco.fr/,13415466,catherine@happyfamilydeco.fr
https://www.lignes.fr/,13433288,mobilier@lignes.fr
https://www.stratedge.fr/,13450544,contact@stratedge.fr
http://www.almaconsulting.fr/,13507159,alma@almaconsulting.fr
https://www.maisons-eco-durables.fr/,13952126,contact@clickbusters.fr
http://delldesign.fr/,13965678,olivier.dellantonia@delldesign.fr
https://lina.fr/,13970185,devis@lina.fr
https://www.scade.fr/,13978043,contactsiteweb@scade.fr;contactsiteweb@scade.fr;contact@scade.fr
https://adnotamfrance.fr/,14040505,bernard@adnotamfrance.fr
https://vernea.fr/,14225104,joindre@vernea.fr
http://clemski.fr/,14348666,clemski@orange.fr;53clemski@orange.fr
https://loms.fr/,14374139,contact@loms.fr
https://a2dh.fr/,14427966,loire@granit.archi;contact@granit.archi
http://www.entreprise-renovation.fr/,14629840,contact@entreprise-renovation.fr
https://www.france-eco-construction.fr/,14702716,contact@clickbusters.fr
https://www.drwine.fr/,14706240,contact@drwine.fr
http://www.awayoflooking.fr/,14752804,hello@awayoflooking.fr
https://archi-design.fr/,14757998,contact@archi-design.fr
http://hashtagart.fr/,14774401,margaux.hashtagart@gmail.com
https://facilicreches.fr/,14829298,contact@faciligroupe.fr
https://anteale.fr/,14878218,anteale@anteale.comN;email@address.com
https://www.campingdes2plages.fr/,14949798,contact@campingdes2plages.fr
http://bfpro.fr/,15102681,accueil@bfpro.fr;communication@bfpro.fr
http://www.espaceprive.fr/,15171727,contact@espaceprive.fr
https://www.polarlifehaus.fr/,15441952,france@polarlifehaus.com
https://ebdr.fr/,15539321,contact@ebdr.fr;COURBEVOIEcontact@ebdr.fr
https://www.carolinegoujon.fr/,15840778,archi@carolinegoujon.fr;Emailarchi@carolinegoujon.fr
http://www.afstudio.fr/,16171185,contact@afstudio.fr
https://www.richard-archi.fr/,16995220,contact@richard-archi.fr
http://studiodivo.fr/,17225054,studio@studiodivo.fr;info@studiodivo.com
https://www.visualimo.fr/,17632805,contact@visualimo.fr
https://www.paisaia.fr/,17881081,contact@skoncommunication.fr
http://www.sa13.fr/,18206827,info@sa13.fr;info@sa13.fr;societedesarchitectes@gmail.com
https://delairedanslart.fr/,19458277,francoise@delairedanslart.fr
https://www.clicetcom.fr/,19481003,lebrun.g@clicetcom.fr
https://www.citti.fr/,19493139,contact@citti.fr
http://www.frobert.fr/,19672537,rfrancois19@yahoo.fr
https://www.interartetudes.fr/,20055760,interart@inter-art.fr
http://valeurenergiebretagne.fr/,21740052,sebastien.kerbart@valorem-energie.com;infos@valeurenergiebretagne.fr
https://artedis.fr/,21905131,contact@artedis.fr
https://artsmagazine.fr/,22139408,fbenoit@vivadeco.fr
https://www.images-in-situ.fr/,22675801,accueil@images-in-situ.fr
https://www.robertgervaisstudio.fr/,22720774,contact@robertgervaisstudio.fr
https://www.designbain.fr/,24384530,contact@designbain.fr;aare@qode.com
https://www.authentic-design.fr/,27065564,contact@authentic-design.fr
https://aliandre.fr/,27274353,aliandre.gite@gmail.com
http://corpsnoir.fr/,28208245,virginie.nicolas@concepto.fr
https://edelorme.fr/,28224869,eric.d@edelorme.fr;eric.d@didoodah.com
https://crea-home.fr/,28286417,contact@crea-home.fr;boutique@crea-home.fr
https://www.oxygen-rp.fr/,>30M,contact@oxygen-rp.com;contact@oxygen-rp.com
http://avf.asso.fr/,>30M,contact@avf-union-nationale.fr
https://www.cnis.fr/,>30M,secretariat-general@cnis.fr
https://www.gentlemen-designers.fr/,>30M,info@gentlemendesigners.fr;william@gentlemendesigners.fr
https://jeannouveldesign.fr/,>30M,contact@jeannouveldesign.fr
https://www.so-deco.fr/,>30M,as.sodeco@gmail.com;as.sodeco@gmail.comou
https://www.amso.fr/,>30M,info@amso.fr
https://www.orsol.fr/,>30M,contact@orsol.fr
https://www.edaic.fr/,>30M,contact@edaic.fr;48contact@edaic.fr
https://diagonale.fr/,>30M,diagonale@diagonale.fr
https://awp.fr/,>30M,awp@awp.fr
http://passionchateau.fr/,>30M,contactpassionchateau@gmail.com
https://calendart.fr/,>30M,contact@calendart.fr
https://design-photo.fr/,>30M,
https://agenceursdecuisines.fr/,>30M,05contact@agenceursdecuisines.fr
https://www.renoova.fr/,>30M,contact@renoova.fr
https://rlconstruction.fr/,>30M,contact@rlconstruction.fr;Commercial@rlconstruction.fr;Contact@rlconstruction.fr
https://lafenetrebois.fr/,>30M,info@lafenetrebois.com
http://www.latelierrouge.fr/,>30M,contact@latelierrouge.fr
http://cedrinarchitecture.fr/,>30M,cedrinarchitecture@cedrinarchitecture.fr
https://designstudiofwi.fr/,>30M,53contact@designstudiofwi.com;contact@designstudiofwi.com
https://www.letextilefrancais.fr/,>30M,contact@letextilefrancais.fr
https://artd.fr/,>30M,artdrenowation@gmail.com
http://rainorshine.fr/,>30M,smallcouture@gmail.com
https://www.cmtb.fr/,>30M,contact@cmtb.fr
https://jpg-au.fr/,>30M,contact@jpg-au.fr
https://kosy.fr/,>30M,info@kosy.fr;info@kosy.frSite
https://www.estellechevallier.fr/,>30M,candidature@estellechevallier.fr;ec@estellechevallier.fr
https://www.sebire.fr/,>30M,contact@sebire.fr
https://www.fminfo.fr/,>30M,contact@fminfo.fr
https://batimedical.fr/wp-content/cache/lwsoptimize/cache/index_0.html,>30M,contact@batimedical.fr
https://valvara.fr/,>30M,valerie@valvara.fr
https://www.fildair.fr/,>30M,ventilation@fildair.fr
https://arti-studio.fr/,>30M,Arti-studio@gmail.fr
https://www.atelier39.fr/,>30M,contact@atelier39.fr
https://www.avs-securite.fr/,>30M,commercial@avs-securite.fr
https://www.poutas.fr/,>30M,j-pierre.poutas@orange.fr
https://inter-art.fr/,>30M,interart@inter-art.fr
https://imaginarchitecture.fr/,>30M,13imaginarchitecture.contact@gmail.com
https://www.hotel-ambassadeurs.fr/,>30M,sallereunion-ambassadeur@gmail.com;hotel-ambassadeur@gmail.com;sbinnet-ambassadeur@gmail.com
https://www.constructeur-maison-passive.fr/,>30M,contact@constructeur-maison-passive.fr
https://villa-alice.fr/,>30M,contact@villa-alice.fr
https://www.lucand.fr/,>30M,contact@lucand.fr
http://www.jaad.fr/,>30M,contact@jaad.fr
http://renovie.fr/,>30M,christellepereira@renovie.fr
https://jbb.fr/,>30M,hello@jbb.fr
https://www.marierenaudie.fr/,>30M,marie@marierenaudie.fr
https://altimeter.fr/,>30M,infos@altimeter.fr
https://actu-maison.fr/,>30M,contact@style-palazzo.com
https://kasita.fr/,>30M,veroniquebesse@kasita.fr
http://gillesreibell.fr/,>30M,contact@gillesreibell.fr;marco@marcomaione.com
https://bis-conseil.fr/,>30M,Pariscontact@bis-conseil.com
https://gkdesign.fr/,>30M,contact@gkdesign.fr
https://www.ateliereb.fr/,>30M,contact@ateliereb.frE
http://www.poluks.fr/,>30M,sarl@poluks.fr
https://www.homeconsult.fr/,>30M,agence@homeconsult.fr
https://adrabataille.fr/,>30M,chantal-lombard@wanadoo.fr;adra.bataille@gmail.com
https://www.acoussur.fr/,>30M,sav@acoussur.fr;contact@acoussur.fr
https://ad-da.fr/,>30M,adeline@ad-da.fr
https://frvr.fr/,>30M,contact@frvr.fr
https://www.agdesign.fr/,>30M,contact@agdesign.fr;contact@agdesign-architecture.fr;contact@architecture-agdesign.fr
https://studio-harmony.fr/,>30M,contact@studio-harmony.fr
https://anciennegare.fr/,>30M,ancienne-gare@wanadoo.fr
https://decopascher.fr/,>30M,contact@clickbusters.fr
http://architectes-toulouse.fr/,>30M,contact@architectes-toulouse.fr
https://mge-sarl.fr/,>30M,mge@mge-sarl.fr
http://stephaniecoutas.fr/,>30M,contact@stephaniecoutas.com;galerie@stephaniecoutas.com
http://www.artalpaillard.fr/,>30M,aliciaartal@yahoo.fr;contact@artalpaillard.fr;tristan.paillard@gmail.com
https://andre-santini.fr/,>30M,stratocompo@wanadoo.fr;stratocompo@wanadoo.frpour
https://in-wood.fr/,>30M,contact@in-wood.fr
https://www.eb-design.fr/,>30M,contact@eb-design.fr
https://auvergneformation.fr/,>30M,contact@auvergneformation.fr
https://www.rosaze.fr/,>30M,contact@rosaze.fr;contact@rosaze.fr;contact@rosaze.fr;contact@rosaze.fr
http://airpur.fr/,>30M,info@airpur.fr
https://www.mega-watt.fr/,>30M,contact@mega-watt.fr
http://pezenas-immobilier.fr/,>30M,contact@clickbusters.fr
http://avenirelec73.fr/,>30M,privacy.fr@eiffage.com
https://www.lambrequin.fr/,>30M,info@artdecometal.fr
https://www.renoa.fr/,>30M,contact@renoa.frS;contact@renoa.fr
https://menuiseriesaintantoine.fr/,>30M,sebastien@menuiseriesaintantoine.fr;vincent@menuiseriesaintantoine.fr;geraldine@langinteriors.fr;agence@remypoux.com
https://www.rault.fr/,>30M,info@rault.fr
https://medical-services.fr/,>30M,
https://snfranchet.fr/,>30M,contact@snfranchet.fr
http://ae3.fr/,>30M,jeanmet@ae3.fr
https://www.bonnet-stores.fr/,>30M,00contact@bonnet-stores.fr;contact@bonnet-stores.com;contact@bonnet-stores.fr
https://agence-interieurs.fr/,>30M,fabienne@agence-interieurs.fr
https://www.arango.fr/,>30M,contact@arango.fr
https://cornierecastaniearchitectes.fr/,>30M,contact@cornierearchitecte.fr
https://www.kean.fr/,>30M,contact@kean.fr;CONTACT@KEAN.FR
https://ferrarini.fr/,>30M,
https://www.ms-home.fr/,>30M,agence@ms-home.fr
https://www.ajils.fr/,>30M,assoajils@yahoo.fr;tianedupont@gmail.com
https://www.verometal.fr/,>30M,817771info@verometal.co;952info@verometal.be;NorthAmerica@verometal.com;080info@verometal.com;5600Japan@verometal.com;Japan@verometal.com;info@verometal.nl;vietnam@verometal.com;327Romania@verometal.com;Spaininfo@verometal.esTel;info@verometal.hr;info@verometal.com;info@verometal.de
https://gui-home.fr/,>30M,contact@gui-home.fr
https://bleudesign.fr/,>30M,Julia.MH@Pyconsult.net
https://www.cosyloft.fr/,>30M,contact@cosyloft.fr
http://daniellatif.fr/,>30M,Suivez-moi@dan.latif
http://www.laurence-desforges.fr/,>30M,l.desforges@gmail.com
https://www.derice.fr/,>30M,site@derice.fr;contact@derice.fr
https://drone33.fr/,>30M,contact@drone33.fr
https://maison-communicante.fr/,>30M,rabuel@rabuel-construction.fr
https://lafabriquea3d.fr/,>30M,infos@lafabriquea3d.fr
https://www.fava.fr/,>30M,contact@duc-fava.fr;contact@duc-fava.fr;fvanderbecq@fava.fr;florenceduc@orange.fr;contact@duc-fava.fr
https://decoemotion.fr/,>30M,info@decoemotion.com;florence@decoemotion.fr
https://www.3astudio.fr/,>30M,contact@3astudio.fr;secretariat@3astudio.fr
https://www.grandgitebretagnesud.fr/,>30M,contact@grandgitebretagnesud.fr
https://atmosphere-architecture.fr/,>30M,contact@atmosphere-architecture.fr
http://ko-ba.fr/,>30M,kobalucas06@hotmail.fr
https://vravet.fr/,>30M,architecture@vravet.fr
https://azeli.fr/,>30M,contact@azeli.fr
https://www.crocoeursdereves.fr/,>30M,contact@crocoeursdereves.fr
http://aljarchitecture.fr/,>30M,contact@aljarchitecture.fr
https://pb-design.fr/,>30M,info@pb-design.fr;20info@pb-design.fr
http://lelievreblanc.fr/,>30M,contact@lelievreblanc.fr
https://e2j.fr/,>30M,27contact@e2j.fr;contact@e2j.fr
https://studiobellevue.fr/,>30M,contact@studiobellevue.fr
https://www.cuisinesmorel.fr/,>30M,vitre@cuisinesmorel.fr;laval@cuisinesmorel.fr
https://deco-renov.fr/,>30M,91decorenov@gmail.com
https://lamaisonnettedebarbichounette.fr/,>30M,contact@clickbusters.fr
https://neotempus.fr/,>30M,contact@neotempus.fr
http://batcarre.fr/,>30M,bat.carre34@gmail.com
https://archibeau.fr/,>30M,aarchibeau@gmail.com
https://www.creatricedespaces.fr/,>30M,contact@creatricedespaces.fr
http://ypdesign.fr/,>30M,ypdesign91400@gmail.com
https://numero-bis.fr/,>30M,contact@numero-bis.fr
https://clomen.fr/,>30M,contact@clomen.fr
https://kalipro.fr/,>30M,contact@kalipro.fr
https://www.ab-archi.fr/,>30M,contact@ab-archi.fr
https://www.tripl.fr/,>30M,contact@tripl.fr
https://map-studio.fr/,>30M,contact@map-studio.fr
https://www.decorelle.fr/,>30M,decorelle@wanadoo.fr
https://architecturedinterieur.fr/,>30M,pa.kehren.design@gmail.com
https://dm-creations.fr/,>30M,contact@dm-creations.fr
https://alliagepaille.fr/,>30M,contact@alliagepaille.fr
https://www.lezartsdeco.fr/,>30M,contact-lezartsdeco@orange.fr
https://www.d6d.fr/,>30M,delphine.gesse@d6d.fr
https://apdesign.fr/,>30M,apdesign92@yahoo.fr;06apdesign92@yahoo.frhttp
https://cdko.fr/,>30M,contact@cdko.fr;contact@cdko.frPar
http://noir-mat.fr/,>30M,contact@noir-mat.fr;contact@noir-mat.fr
https://www.laramarchetti.fr/,>30M,contact@laramarchetti.fr
https://taxi60.fr/,>30M,contact@webaudit.fr
http://www.creag.fr/,>30M,jf.gouy.creag@gmail.com
https://www.cb-architecture.fr/,>30M,info@cb-architecture.fr;contact@cb-architecture.fr
https://payet.fr/,>30M,contact@payet.fr;stage@payet.fr
https://www.black-stones.fr/,>30M,contact@black-stones.fr
https://ehmo.fr/,>30M,eric.heinry@ehmo.fr
http://www.idlia.fr/,>30M,aurelia.petit@idlia.fr;someone@example.com
http://skynet-system.fr/,>30M,contact@clickbusters.fr
https://courantsetbien-etre.fr/,>30M,contact@courantsetbien-etre.fr
https://www.maison-du-meuble.fr/,>30M,contact@clickbusters.fr
https://www.dmdh.fr/,>30M,contact@dmdh.fr;98contact@dmdh.fr
https://www.galerie-contemporaine.fr/,>30M,Contemporainermagriau@yahoo.fr
http://www.museologie.fr/,>30M,elsaolu@orange.fr;elsaolu@orange.frwww
https://www.loeilcreatif.fr/,>30M,atifstudio@loeilcreatif.fr;studio@loeilcreatif.fr
http://www.fusiond.fr/,>30M,ninou.etienne@fusiond.fr
https://www.cite-architecture.fr/,>30M,cite.paris@cite-architecture.fr;cite.clermont@cite-architecture.fr
https://www.ego-deco.fr/,>30M,contact@clickbusters.fr
https://atelierbodin.fr/,>30M,atelier.abodin@gmail.com
https://bordeauxrenov.fr/,>30M,tahrziz@hotmail.fr
https://absid.fr/,>30M,contact@absid.fr
https://vtc-consulting.fr/,>30M,vtc.consult@gmail.com
https://balic.fr/,>30M,studio@balic.fr
https://lesvieuxmurs.fr/,>30M,
https://optimobi.fr/,>30M,accueil@optimobi.com
http://altamente.fr/,>30M,contact@altamente.fr
https://zaconsulting.fr/,>30M,
https://alexandrite.fr/,>30M,contact@alexandrite.fr
https://lescombesdouces.fr/,>30M,contact@lescombesdouces.fr
https://k-architecture.fr/,>30M,contact@k-architecture.fr
https://cabinephoto.fr/,>30M,contact@groupe-stad.fr
https://www.latableduzes.fr/,>30M,restaurant@lamaisonduzes.fr
https://www.archi-textures.fr/,>30M,
https://www.jgrasso.fr/,>30M,contact@jgrasso.fr;contact@lesediteurs-textiles.fr;contact@jgrasso.net
https://sdha.fr/,>30M,sdha@orange.fr;cambusedesintrouvables@gmail.com
http://pierreferrari.fr/,>30M,info@pierreferrari.fr
https://if-design.fr/,>30M,contact@if-design.fr
https://www.cellarius.fr/,>30M,contact@cellariushabitat.fr
http://stephanie-coutas.fr/,>30M,contact@stephaniecoutas.com;galerie@stephaniecoutas.com
http://timelapse.fr/,>30M,contact@insitebox.fr
http://vallette.fr/,>30M,contact@clickbusters.fr
https://www.briere.fr/,>30M,briere@briere.fr;41briere@briere.fr
https://www.jofa.fr/,>30M,CONTACT@JOFA.FR;contact@jofa.fr
http://www.barenz.fr/,>30M,info@barenz.fr;mfpdesign@live.com
https://www.homeandme.fr/,>30M,contact@homeandme.fr
